{
    "rmse": 1378.354169532151,
    "mae": 1264.4333333333332,
    "r2_score": 0.7399027385236951
}